Review_ID,Review_Text
1,Billing issue was resolved quickly by support.
2,The delivery driver dropped the package in the rain.
3,Clean tables and excellent hygiene.
4,"Average experience, nothing special."
5,"Average experience, nothing special."
6,The app crashed when trying to checkout.
7,The delivery driver dropped the package in the rain.
8,Beautiful ambience and friendly staff.
9,The service was incredibly slow and rude.
10,Billing issue was resolved quickly by support.
11,Clean tables and excellent hygiene.
12,Billing issue was resolved quickly by support.
13,Billing issue was resolved quickly by support.
14,"Average experience, nothing special."
15,The food was absolutely delicious and service was fast.
16,"Average experience, nothing special."
17,Too expensive for the small portion size.
18,"Average experience, nothing special."
19,The app crashed when trying to checkout.
20,The service was incredibly slow and rude.
21,The delivery driver dropped the package in the rain.
22,"Average experience, nothing special."
23,"Average experience, nothing special."
24,The delivery driver dropped the package in the rain.
25,Billing issue was resolved quickly by support.
26,The food arrived cold and unappetizing.
27,Billing issue was resolved quickly by support.
28,Clean tables and excellent hygiene.
29,Billing issue was resolved quickly by support.
30,The delivery driver dropped the package in the rain.
31,The delivery driver dropped the package in the rain.
32,The service was incredibly slow and rude.
33,The delivery driver dropped the package in the rain.
34,Billing issue was resolved quickly by support.
35,The food was absolutely delicious and service was fast.
36,The service was incredibly slow and rude.
37,Beautiful ambience and friendly staff.
38,Beautiful ambience and friendly staff.
39,Clean tables and excellent hygiene.
40,The delivery driver dropped the package in the rain.
41,Billing issue was resolved quickly by support.
42,Beautiful ambience and friendly staff.
43,"Average experience, nothing special."
44,Clean tables and excellent hygiene.
45,The food arrived cold and unappetizing.
46,The delivery driver dropped the package in the rain.
47,The service was incredibly slow and rude.
48,The delivery driver dropped the package in the rain.
49,Beautiful ambience and friendly staff.
50,The app crashed when trying to checkout.
51,The food arrived cold and unappetizing.
52,Beautiful ambience and friendly staff.
53,The food arrived cold and unappetizing.
54,Too expensive for the small portion size.
55,Beautiful ambience and friendly staff.
56,The food arrived cold and unappetizing.
57,The food was absolutely delicious and service was fast.
58,Clean tables and excellent hygiene.
59,"Average experience, nothing special."
60,Beautiful ambience and friendly staff.
61,The delivery driver dropped the package in the rain.
62,Too expensive for the small portion size.
63,The food arrived cold and unappetizing.
64,The delivery driver dropped the package in the rain.
65,The food arrived cold and unappetizing.
66,Beautiful ambience and friendly staff.
67,The food was absolutely delicious and service was fast.
68,The food arrived cold and unappetizing.
69,Beautiful ambience and friendly staff.
70,"Average experience, nothing special."
71,Clean tables and excellent hygiene.
72,The food arrived cold and unappetizing.
73,The food arrived cold and unappetizing.
74,The delivery driver dropped the package in the rain.
75,The app crashed when trying to checkout.
76,Beautiful ambience and friendly staff.
77,The food was absolutely delicious and service was fast.
78,The food was absolutely delicious and service was fast.
79,The delivery driver dropped the package in the rain.
80,The food was absolutely delicious and service was fast.
81,The food was absolutely delicious and service was fast.
82,The food was absolutely delicious and service was fast.
83,The delivery driver dropped the package in the rain.
84,"Average experience, nothing special."
85,"Average experience, nothing special."
86,The food was absolutely delicious and service was fast.
87,"Average experience, nothing special."
88,Too expensive for the small portion size.
89,The delivery driver dropped the package in the rain.
90,"Average experience, nothing special."
91,The service was incredibly slow and rude.
92,Beautiful ambience and friendly staff.
93,The delivery driver dropped the package in the rain.
94,Billing issue was resolved quickly by support.
95,The delivery driver dropped the package in the rain.
96,"Average experience, nothing special."
97,Billing issue was resolved quickly by support.
98,Beautiful ambience and friendly staff.
99,Billing issue was resolved quickly by support.
100,The food arrived cold and unappetizing.
101,Too expensive for the small portion size.
102,Beautiful ambience and friendly staff.
103,Beautiful ambience and friendly staff.
104,The app crashed when trying to checkout.
105,The app crashed when trying to checkout.
106,The delivery driver dropped the package in the rain.
107,The food arrived cold and unappetizing.
108,"Average experience, nothing special."
109,The app crashed when trying to checkout.
110,Billing issue was resolved quickly by support.
111,Too expensive for the small portion size.
112,The delivery driver dropped the package in the rain.
113,Beautiful ambience and friendly staff.
114,Clean tables and excellent hygiene.
115,Billing issue was resolved quickly by support.
116,The service was incredibly slow and rude.
117,"Average experience, nothing special."
118,The app crashed when trying to checkout.
119,Billing issue was resolved quickly by support.
120,Beautiful ambience and friendly staff.
121,Too expensive for the small portion size.
122,The food arrived cold and unappetizing.
123,Clean tables and excellent hygiene.
124,"Average experience, nothing special."
125,The app crashed when trying to checkout.
126,Billing issue was resolved quickly by support.
127,The service was incredibly slow and rude.
128,Beautiful ambience and friendly staff.
129,Too expensive for the small portion size.
130,The app crashed when trying to checkout.
131,The food arrived cold and unappetizing.
132,The delivery driver dropped the package in the rain.
133,Clean tables and excellent hygiene.
134,The service was incredibly slow and rude.
135,The service was incredibly slow and rude.
136,Billing issue was resolved quickly by support.
137,Billing issue was resolved quickly by support.
138,"Average experience, nothing special."
139,The app crashed when trying to checkout.
140,Clean tables and excellent hygiene.
141,"Average experience, nothing special."
142,The delivery driver dropped the package in the rain.
143,The delivery driver dropped the package in the rain.
144,Clean tables and excellent hygiene.
145,Too expensive for the small portion size.
146,The food was absolutely delicious and service was fast.
147,The food arrived cold and unappetizing.
148,Billing issue was resolved quickly by support.
149,The service was incredibly slow and rude.
150,The delivery driver dropped the package in the rain.
151,The food was absolutely delicious and service was fast.
152,The app crashed when trying to checkout.
153,The food was absolutely delicious and service was fast.
154,Clean tables and excellent hygiene.
155,The delivery driver dropped the package in the rain.
156,The app crashed when trying to checkout.
157,The food arrived cold and unappetizing.
158,The food was absolutely delicious and service was fast.
159,Billing issue was resolved quickly by support.
160,The food was absolutely delicious and service was fast.
161,The food arrived cold and unappetizing.
162,The food was absolutely delicious and service was fast.
163,"Average experience, nothing special."
164,The delivery driver dropped the package in the rain.
165,The food arrived cold and unappetizing.
166,The delivery driver dropped the package in the rain.
167,Clean tables and excellent hygiene.
168,Beautiful ambience and friendly staff.
169,Beautiful ambience and friendly staff.
170,Billing issue was resolved quickly by support.
171,Too expensive for the small portion size.
172,The delivery driver dropped the package in the rain.
173,The food arrived cold and unappetizing.
174,"Average experience, nothing special."
175,"Average experience, nothing special."
176,The food was absolutely delicious and service was fast.
177,The app crashed when trying to checkout.
178,Too expensive for the small portion size.
179,The food was absolutely delicious and service was fast.
180,The food arrived cold and unappetizing.
181,Beautiful ambience and friendly staff.
182,The app crashed when trying to checkout.
183,Clean tables and excellent hygiene.
184,Too expensive for the small portion size.
185,The app crashed when trying to checkout.
186,"Average experience, nothing special."
187,"Average experience, nothing special."
188,The app crashed when trying to checkout.
189,"Average experience, nothing special."
190,Beautiful ambience and friendly staff.
191,"Average experience, nothing special."
192,Clean tables and excellent hygiene.
193,The food arrived cold and unappetizing.
194,Billing issue was resolved quickly by support.
195,Clean tables and excellent hygiene.
196,Clean tables and excellent hygiene.
197,The food was absolutely delicious and service was fast.
198,The app crashed when trying to checkout.
199,Billing issue was resolved quickly by support.
200,Clean tables and excellent hygiene.
201,Too expensive for the small portion size.
202,"Average experience, nothing special."
203,The service was incredibly slow and rude.
204,Clean tables and excellent hygiene.
205,The delivery driver dropped the package in the rain.
206,Beautiful ambience and friendly staff.
207,Billing issue was resolved quickly by support.
208,Clean tables and excellent hygiene.
209,The food was absolutely delicious and service was fast.
210,The service was incredibly slow and rude.
211,Billing issue was resolved quickly by support.
212,The food arrived cold and unappetizing.
213,The service was incredibly slow and rude.
214,The app crashed when trying to checkout.
215,The service was incredibly slow and rude.
216,The food arrived cold and unappetizing.
217,The food arrived cold and unappetizing.
218,Billing issue was resolved quickly by support.
219,The app crashed when trying to checkout.
220,Too expensive for the small portion size.
221,Billing issue was resolved quickly by support.
222,The food was absolutely delicious and service was fast.
223,Clean tables and excellent hygiene.
224,"Average experience, nothing special."
225,The app crashed when trying to checkout.
226,Billing issue was resolved quickly by support.
227,The app crashed when trying to checkout.
228,The food arrived cold and unappetizing.
229,Billing issue was resolved quickly by support.
230,The food was absolutely delicious and service was fast.
231,The service was incredibly slow and rude.
232,Beautiful ambience and friendly staff.
233,The food arrived cold and unappetizing.
234,Clean tables and excellent hygiene.
235,The delivery driver dropped the package in the rain.
236,Too expensive for the small portion size.
237,Too expensive for the small portion size.
238,The app crashed when trying to checkout.
239,Too expensive for the small portion size.
240,The food was absolutely delicious and service was fast.
241,The app crashed when trying to checkout.
242,Beautiful ambience and friendly staff.
243,Beautiful ambience and friendly staff.
244,The app crashed when trying to checkout.
245,Too expensive for the small portion size.
246,Billing issue was resolved quickly by support.
247,The delivery driver dropped the package in the rain.
248,The app crashed when trying to checkout.
249,Beautiful ambience and friendly staff.
250,The app crashed when trying to checkout.
251,The food was absolutely delicious and service was fast.
252,The delivery driver dropped the package in the rain.
253,The service was incredibly slow and rude.
254,The delivery driver dropped the package in the rain.
255,Too expensive for the small portion size.
256,The food was absolutely delicious and service was fast.
257,The food was absolutely delicious and service was fast.
258,The delivery driver dropped the package in the rain.
259,The service was incredibly slow and rude.
260,Beautiful ambience and friendly staff.
261,Too expensive for the small portion size.
262,Beautiful ambience and friendly staff.
263,The delivery driver dropped the package in the rain.
264,The delivery driver dropped the package in the rain.
265,The delivery driver dropped the package in the rain.
266,The delivery driver dropped the package in the rain.
267,The food arrived cold and unappetizing.
268,The service was incredibly slow and rude.
269,The food arrived cold and unappetizing.
270,The app crashed when trying to checkout.
271,"Average experience, nothing special."
272,Too expensive for the small portion size.
273,"Average experience, nothing special."
274,The food was absolutely delicious and service was fast.
275,The food was absolutely delicious and service was fast.
276,The delivery driver dropped the package in the rain.
277,"Average experience, nothing special."
278,Too expensive for the small portion size.
279,"Average experience, nothing special."
280,The food arrived cold and unappetizing.
281,The app crashed when trying to checkout.
282,The food arrived cold and unappetizing.
283,Billing issue was resolved quickly by support.
284,Beautiful ambience and friendly staff.
285,Too expensive for the small portion size.
286,Billing issue was resolved quickly by support.
287,Billing issue was resolved quickly by support.
288,Too expensive for the small portion size.
289,The delivery driver dropped the package in the rain.
290,Beautiful ambience and friendly staff.
291,Billing issue was resolved quickly by support.
292,Billing issue was resolved quickly by support.
293,Clean tables and excellent hygiene.
294,The app crashed when trying to checkout.
295,Billing issue was resolved quickly by support.
296,The delivery driver dropped the package in the rain.
297,Too expensive for the small portion size.
298,The service was incredibly slow and rude.
299,The delivery driver dropped the package in the rain.
300,Billing issue was resolved quickly by support.
301,"Average experience, nothing special."
302,The app crashed when trying to checkout.
303,Clean tables and excellent hygiene.
304,The service was incredibly slow and rude.
305,The delivery driver dropped the package in the rain.
306,Clean tables and excellent hygiene.
307,Clean tables and excellent hygiene.
308,Too expensive for the small portion size.
309,Billing issue was resolved quickly by support.
310,The food arrived cold and unappetizing.
311,Too expensive for the small portion size.
312,The food arrived cold and unappetizing.
313,The app crashed when trying to checkout.
314,The delivery driver dropped the package in the rain.
315,The delivery driver dropped the package in the rain.
316,The delivery driver dropped the package in the rain.
317,The delivery driver dropped the package in the rain.
318,The delivery driver dropped the package in the rain.
319,"Average experience, nothing special."
320,The service was incredibly slow and rude.
321,The app crashed when trying to checkout.
322,The food arrived cold and unappetizing.
323,Beautiful ambience and friendly staff.
324,The food was absolutely delicious and service was fast.
325,The delivery driver dropped the package in the rain.
326,Too expensive for the small portion size.
327,Beautiful ambience and friendly staff.
328,The food was absolutely delicious and service was fast.
329,Billing issue was resolved quickly by support.
330,Billing issue was resolved quickly by support.
331,Billing issue was resolved quickly by support.
332,The delivery driver dropped the package in the rain.
333,Billing issue was resolved quickly by support.
334,"Average experience, nothing special."
335,The food arrived cold and unappetizing.
336,"Average experience, nothing special."
337,Clean tables and excellent hygiene.
338,"Average experience, nothing special."
339,Clean tables and excellent hygiene.
340,Too expensive for the small portion size.
341,The food arrived cold and unappetizing.
342,Beautiful ambience and friendly staff.
343,The food was absolutely delicious and service was fast.
344,The app crashed when trying to checkout.
345,Billing issue was resolved quickly by support.
346,The delivery driver dropped the package in the rain.
347,The service was incredibly slow and rude.
348,The service was incredibly slow and rude.
349,Billing issue was resolved quickly by support.
350,The food was absolutely delicious and service was fast.
351,The app crashed when trying to checkout.
352,Clean tables and excellent hygiene.
353,Billing issue was resolved quickly by support.
354,The delivery driver dropped the package in the rain.
355,"Average experience, nothing special."
356,Clean tables and excellent hygiene.
357,The delivery driver dropped the package in the rain.
358,Beautiful ambience and friendly staff.
359,The service was incredibly slow and rude.
360,Too expensive for the small portion size.
361,The service was incredibly slow and rude.
362,The service was incredibly slow and rude.
363,The food was absolutely delicious and service was fast.
364,Clean tables and excellent hygiene.
365,The service was incredibly slow and rude.
366,The food was absolutely delicious and service was fast.
367,Billing issue was resolved quickly by support.
368,Beautiful ambience and friendly staff.
369,The food arrived cold and unappetizing.
370,Beautiful ambience and friendly staff.
371,The delivery driver dropped the package in the rain.
372,Clean tables and excellent hygiene.
373,Billing issue was resolved quickly by support.
374,The food was absolutely delicious and service was fast.
375,The app crashed when trying to checkout.
376,The service was incredibly slow and rude.
377,The food was absolutely delicious and service was fast.
378,The app crashed when trying to checkout.
379,Beautiful ambience and friendly staff.
380,Too expensive for the small portion size.
381,"Average experience, nothing special."
382,The delivery driver dropped the package in the rain.
383,Billing issue was resolved quickly by support.
384,Clean tables and excellent hygiene.
385,The app crashed when trying to checkout.
386,"Average experience, nothing special."
387,The food arrived cold and unappetizing.
388,Billing issue was resolved quickly by support.
389,The app crashed when trying to checkout.
390,Clean tables and excellent hygiene.
391,The food was absolutely delicious and service was fast.
392,"Average experience, nothing special."
393,Too expensive for the small portion size.
394,The food arrived cold and unappetizing.
395,Billing issue was resolved quickly by support.
396,Beautiful ambience and friendly staff.
397,The delivery driver dropped the package in the rain.
398,The app crashed when trying to checkout.
399,The food arrived cold and unappetizing.
400,The food was absolutely delicious and service was fast.
401,Billing issue was resolved quickly by support.
402,"Average experience, nothing special."
403,The food arrived cold and unappetizing.
404,The app crashed when trying to checkout.
405,Too expensive for the small portion size.
406,The food was absolutely delicious and service was fast.
407,Beautiful ambience and friendly staff.
408,The delivery driver dropped the package in the rain.
409,"Average experience, nothing special."
410,Billing issue was resolved quickly by support.
411,The delivery driver dropped the package in the rain.
412,The food arrived cold and unappetizing.
413,Clean tables and excellent hygiene.
414,Clean tables and excellent hygiene.
415,The food was absolutely delicious and service was fast.
416,The delivery driver dropped the package in the rain.
417,The app crashed when trying to checkout.
418,The food was absolutely delicious and service was fast.
419,"Average experience, nothing special."
420,Clean tables and excellent hygiene.
421,Beautiful ambience and friendly staff.
422,The food arrived cold and unappetizing.
423,The food was absolutely delicious and service was fast.
424,Too expensive for the small portion size.
425,The service was incredibly slow and rude.
426,"Average experience, nothing special."
427,Billing issue was resolved quickly by support.
428,"Average experience, nothing special."
429,The app crashed when trying to checkout.
430,Beautiful ambience and friendly staff.
431,Too expensive for the small portion size.
432,Beautiful ambience and friendly staff.
433,Clean tables and excellent hygiene.
434,The food was absolutely delicious and service was fast.
435,The delivery driver dropped the package in the rain.
436,The food was absolutely delicious and service was fast.
437,The food arrived cold and unappetizing.
438,Clean tables and excellent hygiene.
439,Billing issue was resolved quickly by support.
440,The food was absolutely delicious and service was fast.
441,"Average experience, nothing special."
442,"Average experience, nothing special."
443,Billing issue was resolved quickly by support.
444,Clean tables and excellent hygiene.
445,Clean tables and excellent hygiene.
446,"Average experience, nothing special."
447,The food was absolutely delicious and service was fast.
448,The food was absolutely delicious and service was fast.
449,Clean tables and excellent hygiene.
450,Beautiful ambience and friendly staff.
451,Clean tables and excellent hygiene.
452,Too expensive for the small portion size.
453,The delivery driver dropped the package in the rain.
454,The delivery driver dropped the package in the rain.
455,The app crashed when trying to checkout.
456,The delivery driver dropped the package in the rain.
457,Clean tables and excellent hygiene.
458,Beautiful ambience and friendly staff.
459,The service was incredibly slow and rude.
460,Clean tables and excellent hygiene.
461,"Average experience, nothing special."
462,Clean tables and excellent hygiene.
463,"Average experience, nothing special."
464,The app crashed when trying to checkout.
465,The food arrived cold and unappetizing.
466,"Average experience, nothing special."
467,The food arrived cold and unappetizing.
468,Beautiful ambience and friendly staff.
469,The app crashed when trying to checkout.
470,The food arrived cold and unappetizing.
471,The delivery driver dropped the package in the rain.
472,Beautiful ambience and friendly staff.
473,Beautiful ambience and friendly staff.
474,Clean tables and excellent hygiene.
475,The service was incredibly slow and rude.
476,The delivery driver dropped the package in the rain.
477,Billing issue was resolved quickly by support.
478,Clean tables and excellent hygiene.
479,The service was incredibly slow and rude.
480,The app crashed when trying to checkout.
481,The delivery driver dropped the package in the rain.
482,Beautiful ambience and friendly staff.
483,The food was absolutely delicious and service was fast.
484,The service was incredibly slow and rude.
485,The app crashed when trying to checkout.
486,Clean tables and excellent hygiene.
487,Too expensive for the small portion size.
488,The delivery driver dropped the package in the rain.
489,Clean tables and excellent hygiene.
490,"Average experience, nothing special."
491,The service was incredibly slow and rude.
492,"Average experience, nothing special."
493,Billing issue was resolved quickly by support.
494,The food arrived cold and unappetizing.
495,Too expensive for the small portion size.
496,Clean tables and excellent hygiene.
497,The app crashed when trying to checkout.
498,Beautiful ambience and friendly staff.
499,Too expensive for the small portion size.
500,Clean tables and excellent hygiene.
501,The service was incredibly slow and rude.
502,Beautiful ambience and friendly staff.
503,"Average experience, nothing special."
504,Clean tables and excellent hygiene.
505,Clean tables and excellent hygiene.
506,Beautiful ambience and friendly staff.
507,The food arrived cold and unappetizing.
508,The food was absolutely delicious and service was fast.
509,The service was incredibly slow and rude.
510,The food arrived cold and unappetizing.
511,The delivery driver dropped the package in the rain.
512,Clean tables and excellent hygiene.
513,The service was incredibly slow and rude.
514,The app crashed when trying to checkout.
515,The delivery driver dropped the package in the rain.
516,The food was absolutely delicious and service was fast.
517,Beautiful ambience and friendly staff.
518,The service was incredibly slow and rude.
519,The food was absolutely delicious and service was fast.
520,The food was absolutely delicious and service was fast.
521,The service was incredibly slow and rude.
522,The delivery driver dropped the package in the rain.
523,"Average experience, nothing special."
524,The app crashed when trying to checkout.
525,"Average experience, nothing special."
526,"Average experience, nothing special."
527,Too expensive for the small portion size.
528,The food was absolutely delicious and service was fast.
529,"Average experience, nothing special."
530,The service was incredibly slow and rude.
531,Billing issue was resolved quickly by support.
532,The service was incredibly slow and rude.
533,Clean tables and excellent hygiene.
534,The food arrived cold and unappetizing.
535,The delivery driver dropped the package in the rain.
536,Beautiful ambience and friendly staff.
537,Too expensive for the small portion size.
538,The service was incredibly slow and rude.
539,The delivery driver dropped the package in the rain.
540,Beautiful ambience and friendly staff.
541,The delivery driver dropped the package in the rain.
542,The delivery driver dropped the package in the rain.
543,Too expensive for the small portion size.
544,The service was incredibly slow and rude.
545,The food was absolutely delicious and service was fast.
546,Too expensive for the small portion size.
547,"Average experience, nothing special."
548,"Average experience, nothing special."
549,The app crashed when trying to checkout.
550,The service was incredibly slow and rude.
551,The app crashed when trying to checkout.
552,The app crashed when trying to checkout.
553,"Average experience, nothing special."
554,The delivery driver dropped the package in the rain.
555,The food was absolutely delicious and service was fast.
556,Beautiful ambience and friendly staff.
557,The food was absolutely delicious and service was fast.
558,Too expensive for the small portion size.
559,Clean tables and excellent hygiene.
560,Beautiful ambience and friendly staff.
561,Billing issue was resolved quickly by support.
562,The food arrived cold and unappetizing.
563,Clean tables and excellent hygiene.
564,The food arrived cold and unappetizing.
565,The service was incredibly slow and rude.
566,The food arrived cold and unappetizing.
567,The food was absolutely delicious and service was fast.
568,The food was absolutely delicious and service was fast.
569,The app crashed when trying to checkout.
570,The service was incredibly slow and rude.
571,The app crashed when trying to checkout.
572,Beautiful ambience and friendly staff.
573,Billing issue was resolved quickly by support.
574,Beautiful ambience and friendly staff.
575,The app crashed when trying to checkout.
576,The food arrived cold and unappetizing.
577,Billing issue was resolved quickly by support.
578,The service was incredibly slow and rude.
579,Too expensive for the small portion size.
580,Billing issue was resolved quickly by support.
581,Too expensive for the small portion size.
582,The delivery driver dropped the package in the rain.
583,Beautiful ambience and friendly staff.
584,Clean tables and excellent hygiene.
585,Beautiful ambience and friendly staff.
586,The service was incredibly slow and rude.
587,Too expensive for the small portion size.
588,Beautiful ambience and friendly staff.
589,"Average experience, nothing special."
590,The delivery driver dropped the package in the rain.
591,The app crashed when trying to checkout.
592,Beautiful ambience and friendly staff.
593,Clean tables and excellent hygiene.
594,Billing issue was resolved quickly by support.
595,The food was absolutely delicious and service was fast.
596,Too expensive for the small portion size.
597,The service was incredibly slow and rude.
598,The food was absolutely delicious and service was fast.
599,The app crashed when trying to checkout.
600,The food arrived cold and unappetizing.
601,Too expensive for the small portion size.
602,Clean tables and excellent hygiene.
603,The delivery driver dropped the package in the rain.
604,Beautiful ambience and friendly staff.
605,The app crashed when trying to checkout.
606,The food was absolutely delicious and service was fast.
607,Clean tables and excellent hygiene.
608,The food arrived cold and unappetizing.
609,Too expensive for the small portion size.
610,The service was incredibly slow and rude.
611,The food was absolutely delicious and service was fast.
612,Too expensive for the small portion size.
613,The delivery driver dropped the package in the rain.
614,The service was incredibly slow and rude.
615,The delivery driver dropped the package in the rain.
616,The food was absolutely delicious and service was fast.
617,The delivery driver dropped the package in the rain.
618,The delivery driver dropped the package in the rain.
619,The app crashed when trying to checkout.
620,Too expensive for the small portion size.
621,Too expensive for the small portion size.
622,The food arrived cold and unappetizing.
623,The app crashed when trying to checkout.
624,"Average experience, nothing special."
625,The food arrived cold and unappetizing.
626,Too expensive for the small portion size.
627,The food was absolutely delicious and service was fast.
628,Clean tables and excellent hygiene.
629,Too expensive for the small portion size.
630,Too expensive for the small portion size.
631,Beautiful ambience and friendly staff.
632,Beautiful ambience and friendly staff.
633,The app crashed when trying to checkout.
634,The delivery driver dropped the package in the rain.
635,"Average experience, nothing special."
636,Beautiful ambience and friendly staff.
637,The app crashed when trying to checkout.
638,Too expensive for the small portion size.
639,Clean tables and excellent hygiene.
640,The service was incredibly slow and rude.
641,Too expensive for the small portion size.
642,The delivery driver dropped the package in the rain.
643,"Average experience, nothing special."
644,The app crashed when trying to checkout.
645,Beautiful ambience and friendly staff.
646,The app crashed when trying to checkout.
647,"Average experience, nothing special."
648,Beautiful ambience and friendly staff.
649,The app crashed when trying to checkout.
650,Clean tables and excellent hygiene.
651,Clean tables and excellent hygiene.
652,Too expensive for the small portion size.
653,The food arrived cold and unappetizing.
654,The app crashed when trying to checkout.
655,The food was absolutely delicious and service was fast.
656,Clean tables and excellent hygiene.
657,The food was absolutely delicious and service was fast.
658,The delivery driver dropped the package in the rain.
659,Billing issue was resolved quickly by support.
660,The app crashed when trying to checkout.
661,The food arrived cold and unappetizing.
662,Billing issue was resolved quickly by support.
663,Billing issue was resolved quickly by support.
664,The food was absolutely delicious and service was fast.
665,Too expensive for the small portion size.
666,The service was incredibly slow and rude.
667,The app crashed when trying to checkout.
668,Beautiful ambience and friendly staff.
669,"Average experience, nothing special."
670,Clean tables and excellent hygiene.
671,Beautiful ambience and friendly staff.
672,Too expensive for the small portion size.
673,Billing issue was resolved quickly by support.
674,Too expensive for the small portion size.
675,Billing issue was resolved quickly by support.
676,The food arrived cold and unappetizing.
677,The app crashed when trying to checkout.
678,Clean tables and excellent hygiene.
679,The delivery driver dropped the package in the rain.
680,The delivery driver dropped the package in the rain.
681,The food arrived cold and unappetizing.
682,Beautiful ambience and friendly staff.
683,Beautiful ambience and friendly staff.
684,Too expensive for the small portion size.
685,Clean tables and excellent hygiene.
686,The app crashed when trying to checkout.
687,The delivery driver dropped the package in the rain.
688,"Average experience, nothing special."
689,Billing issue was resolved quickly by support.
690,The service was incredibly slow and rude.
691,Clean tables and excellent hygiene.
692,The food was absolutely delicious and service was fast.
693,Too expensive for the small portion size.
694,Too expensive for the small portion size.
695,The food arrived cold and unappetizing.
696,"Average experience, nothing special."
697,Beautiful ambience and friendly staff.
698,The food was absolutely delicious and service was fast.
699,Clean tables and excellent hygiene.
700,The delivery driver dropped the package in the rain.
701,The delivery driver dropped the package in the rain.
702,The food arrived cold and unappetizing.
703,Too expensive for the small portion size.
704,Beautiful ambience and friendly staff.
705,The service was incredibly slow and rude.
706,The delivery driver dropped the package in the rain.
707,Too expensive for the small portion size.
708,Billing issue was resolved quickly by support.
709,The food was absolutely delicious and service was fast.
710,The delivery driver dropped the package in the rain.
711,Clean tables and excellent hygiene.
712,The food arrived cold and unappetizing.
713,The food was absolutely delicious and service was fast.
714,The delivery driver dropped the package in the rain.
715,"Average experience, nothing special."
716,The food was absolutely delicious and service was fast.
717,Beautiful ambience and friendly staff.
718,The food was absolutely delicious and service was fast.
719,The food arrived cold and unappetizing.
720,The app crashed when trying to checkout.
721,The service was incredibly slow and rude.
722,The app crashed when trying to checkout.
723,Too expensive for the small portion size.
724,The service was incredibly slow and rude.
725,"Average experience, nothing special."
726,The food arrived cold and unappetizing.
727,The delivery driver dropped the package in the rain.
728,Billing issue was resolved quickly by support.
729,The food arrived cold and unappetizing.
730,Beautiful ambience and friendly staff.
731,Billing issue was resolved quickly by support.
732,Clean tables and excellent hygiene.
733,The service was incredibly slow and rude.
734,Too expensive for the small portion size.
735,The food arrived cold and unappetizing.
736,The delivery driver dropped the package in the rain.
737,The app crashed when trying to checkout.
738,"Average experience, nothing special."
739,Billing issue was resolved quickly by support.
740,"Average experience, nothing special."
741,Beautiful ambience and friendly staff.
742,Clean tables and excellent hygiene.
743,The food was absolutely delicious and service was fast.
744,Billing issue was resolved quickly by support.
745,The app crashed when trying to checkout.
746,Clean tables and excellent hygiene.
747,Too expensive for the small portion size.
748,The service was incredibly slow and rude.
749,Clean tables and excellent hygiene.
750,"Average experience, nothing special."
751,"Average experience, nothing special."
752,Billing issue was resolved quickly by support.
753,Beautiful ambience and friendly staff.
754,Billing issue was resolved quickly by support.
755,Too expensive for the small portion size.
756,Billing issue was resolved quickly by support.
757,The food arrived cold and unappetizing.
758,Billing issue was resolved quickly by support.
759,Clean tables and excellent hygiene.
760,Clean tables and excellent hygiene.
761,The food was absolutely delicious and service was fast.
762,Beautiful ambience and friendly staff.
763,Clean tables and excellent hygiene.
764,The food was absolutely delicious and service was fast.
765,The delivery driver dropped the package in the rain.
766,"Average experience, nothing special."
767,Beautiful ambience and friendly staff.
768,The food arrived cold and unappetizing.
769,"Average experience, nothing special."
770,Too expensive for the small portion size.
771,Beautiful ambience and friendly staff.
772,The service was incredibly slow and rude.
773,"Average experience, nothing special."
774,The food arrived cold and unappetizing.
775,The service was incredibly slow and rude.
776,"Average experience, nothing special."
777,The service was incredibly slow and rude.
778,"Average experience, nothing special."
779,Too expensive for the small portion size.
780,Too expensive for the small portion size.
781,The food arrived cold and unappetizing.
782,Clean tables and excellent hygiene.
783,The delivery driver dropped the package in the rain.
784,"Average experience, nothing special."
785,Too expensive for the small portion size.
786,The service was incredibly slow and rude.
787,The food was absolutely delicious and service was fast.
788,Too expensive for the small portion size.
789,Too expensive for the small portion size.
790,The food arrived cold and unappetizing.
791,"Average experience, nothing special."
792,The food was absolutely delicious and service was fast.
793,The delivery driver dropped the package in the rain.
794,The food arrived cold and unappetizing.
795,The service was incredibly slow and rude.
796,"Average experience, nothing special."
797,Clean tables and excellent hygiene.
798,Beautiful ambience and friendly staff.
799,Clean tables and excellent hygiene.
800,The service was incredibly slow and rude.
801,Beautiful ambience and friendly staff.
802,"Average experience, nothing special."
803,Too expensive for the small portion size.
804,The food arrived cold and unappetizing.
805,The delivery driver dropped the package in the rain.
806,Billing issue was resolved quickly by support.
807,"Average experience, nothing special."
808,The food was absolutely delicious and service was fast.
809,Beautiful ambience and friendly staff.
810,Beautiful ambience and friendly staff.
811,The food arrived cold and unappetizing.
812,The food arrived cold and unappetizing.
813,Too expensive for the small portion size.
814,The food was absolutely delicious and service was fast.
815,Billing issue was resolved quickly by support.
816,The app crashed when trying to checkout.
817,The food arrived cold and unappetizing.
818,Beautiful ambience and friendly staff.
819,The service was incredibly slow and rude.
820,Beautiful ambience and friendly staff.
821,The food arrived cold and unappetizing.
822,The food was absolutely delicious and service was fast.
823,The service was incredibly slow and rude.
824,The food arrived cold and unappetizing.
825,The service was incredibly slow and rude.
826,The delivery driver dropped the package in the rain.
827,Clean tables and excellent hygiene.
828,The delivery driver dropped the package in the rain.
829,The delivery driver dropped the package in the rain.
830,The service was incredibly slow and rude.
831,"Average experience, nothing special."
832,The delivery driver dropped the package in the rain.
833,"Average experience, nothing special."
834,Billing issue was resolved quickly by support.
835,Beautiful ambience and friendly staff.
836,The app crashed when trying to checkout.
837,Clean tables and excellent hygiene.
838,Billing issue was resolved quickly by support.
839,The service was incredibly slow and rude.
840,The food arrived cold and unappetizing.
841,Clean tables and excellent hygiene.
842,Beautiful ambience and friendly staff.
843,The app crashed when trying to checkout.
844,Clean tables and excellent hygiene.
845,The food was absolutely delicious and service was fast.
846,"Average experience, nothing special."
847,"Average experience, nothing special."
848,Clean tables and excellent hygiene.
849,Clean tables and excellent hygiene.
850,Clean tables and excellent hygiene.
851,The food was absolutely delicious and service was fast.
852,Too expensive for the small portion size.
853,The service was incredibly slow and rude.
854,Beautiful ambience and friendly staff.
855,The service was incredibly slow and rude.
856,The food arrived cold and unappetizing.
857,The service was incredibly slow and rude.
858,Beautiful ambience and friendly staff.
859,The service was incredibly slow and rude.
860,The food was absolutely delicious and service was fast.
861,The food arrived cold and unappetizing.
862,Billing issue was resolved quickly by support.
863,The delivery driver dropped the package in the rain.
864,The delivery driver dropped the package in the rain.
865,Too expensive for the small portion size.
866,The service was incredibly slow and rude.
867,Too expensive for the small portion size.
868,The app crashed when trying to checkout.
869,The food was absolutely delicious and service was fast.
870,Beautiful ambience and friendly staff.
871,The service was incredibly slow and rude.
872,Billing issue was resolved quickly by support.
873,The service was incredibly slow and rude.
874,Billing issue was resolved quickly by support.
875,"Average experience, nothing special."
876,The delivery driver dropped the package in the rain.
877,The service was incredibly slow and rude.
878,Too expensive for the small portion size.
879,The food arrived cold and unappetizing.
880,Too expensive for the small portion size.
881,The food arrived cold and unappetizing.
882,Billing issue was resolved quickly by support.
883,Beautiful ambience and friendly staff.
884,The delivery driver dropped the package in the rain.
885,"Average experience, nothing special."
886,The service was incredibly slow and rude.
887,Billing issue was resolved quickly by support.
888,The service was incredibly slow and rude.
889,The food was absolutely delicious and service was fast.
890,Clean tables and excellent hygiene.
891,Beautiful ambience and friendly staff.
892,The delivery driver dropped the package in the rain.
893,The food arrived cold and unappetizing.
894,Beautiful ambience and friendly staff.
895,Billing issue was resolved quickly by support.
896,The delivery driver dropped the package in the rain.
897,"Average experience, nothing special."
898,The food was absolutely delicious and service was fast.
899,The service was incredibly slow and rude.
900,Clean tables and excellent hygiene.
901,The food arrived cold and unappetizing.
902,Billing issue was resolved quickly by support.
903,Clean tables and excellent hygiene.
904,Too expensive for the small portion size.
905,The app crashed when trying to checkout.
906,The delivery driver dropped the package in the rain.
907,The food was absolutely delicious and service was fast.
908,The service was incredibly slow and rude.
909,The food arrived cold and unappetizing.
910,The service was incredibly slow and rude.
911,Billing issue was resolved quickly by support.
912,The food was absolutely delicious and service was fast.
913,The food was absolutely delicious and service was fast.
914,The food was absolutely delicious and service was fast.
915,Billing issue was resolved quickly by support.
916,The food arrived cold and unappetizing.
917,The food was absolutely delicious and service was fast.
918,The service was incredibly slow and rude.
919,The food arrived cold and unappetizing.
920,Too expensive for the small portion size.
921,Beautiful ambience and friendly staff.
922,The delivery driver dropped the package in the rain.
923,The food was absolutely delicious and service was fast.
924,Clean tables and excellent hygiene.
925,The delivery driver dropped the package in the rain.
926,The food was absolutely delicious and service was fast.
927,Beautiful ambience and friendly staff.
928,"Average experience, nothing special."
929,Beautiful ambience and friendly staff.
930,Billing issue was resolved quickly by support.
931,Clean tables and excellent hygiene.
932,Too expensive for the small portion size.
933,The food arrived cold and unappetizing.
934,The food arrived cold and unappetizing.
935,Clean tables and excellent hygiene.
936,Clean tables and excellent hygiene.
937,The food was absolutely delicious and service was fast.
938,Clean tables and excellent hygiene.
939,The service was incredibly slow and rude.
940,Billing issue was resolved quickly by support.
941,The food arrived cold and unappetizing.
942,The food was absolutely delicious and service was fast.
943,The food was absolutely delicious and service was fast.
944,Beautiful ambience and friendly staff.
945,"Average experience, nothing special."
946,"Average experience, nothing special."
947,The food was absolutely delicious and service was fast.
948,The food arrived cold and unappetizing.
949,The food arrived cold and unappetizing.
950,The delivery driver dropped the package in the rain.
951,The app crashed when trying to checkout.
952,The service was incredibly slow and rude.
953,Too expensive for the small portion size.
954,Billing issue was resolved quickly by support.
955,The food was absolutely delicious and service was fast.
956,"Average experience, nothing special."
957,The service was incredibly slow and rude.
958,The food arrived cold and unappetizing.
959,"Average experience, nothing special."
960,The food was absolutely delicious and service was fast.
961,Too expensive for the small portion size.
962,The delivery driver dropped the package in the rain.
963,The service was incredibly slow and rude.
964,Billing issue was resolved quickly by support.
965,The food was absolutely delicious and service was fast.
966,The app crashed when trying to checkout.
967,The food was absolutely delicious and service was fast.
968,The app crashed when trying to checkout.
969,"Average experience, nothing special."
970,The food was absolutely delicious and service was fast.
971,Clean tables and excellent hygiene.
972,Billing issue was resolved quickly by support.
973,The app crashed when trying to checkout.
974,The delivery driver dropped the package in the rain.
975,"Average experience, nothing special."
976,The app crashed when trying to checkout.
977,Beautiful ambience and friendly staff.
978,Too expensive for the small portion size.
979,The delivery driver dropped the package in the rain.
980,Too expensive for the small portion size.
981,The food arrived cold and unappetizing.
982,Too expensive for the small portion size.
983,The food was absolutely delicious and service was fast.
984,"Average experience, nothing special."
985,Too expensive for the small portion size.
986,The food arrived cold and unappetizing.
987,Billing issue was resolved quickly by support.
988,The service was incredibly slow and rude.
989,The app crashed when trying to checkout.
990,Beautiful ambience and friendly staff.
991,Too expensive for the small portion size.
992,The food was absolutely delicious and service was fast.
993,Billing issue was resolved quickly by support.
994,Clean tables and excellent hygiene.
995,The service was incredibly slow and rude.
996,Clean tables and excellent hygiene.
997,Clean tables and excellent hygiene.
998,The app crashed when trying to checkout.
999,The service was incredibly slow and rude.
1000,Clean tables and excellent hygiene.
